BEGIN TRANSACTION;
INSERT INTO "Replays" VALUES (1,'4c00df16ac96acee5893a7bf81eb49c5865cdb04f8b0d5d719fa53cf5d8316c5','Totems in the Mist',1574767827,1,0,'4on4','1.32',2741750,'(8)TwilightRuins_LV',457,870,1,'[{"name": "Dallas#1153", "teamid": 0, "race": "N"}, {"name": "Psych1996#1469", "teamid": 0, "race": "N"}, {"name": "Magitek#11842", "teamid": 0, "race": "N"}, {"name": "Lostjoao#1820", "teamid": 0, "race": "H"}, {"name": "iggythefisk#236", "teamid": 1, "race": "H"}, {"name": "BEARAND#1604", "teamid": 1, "race": "H"}, {"name": "TIMG4STRok#1212", "teamid": 1, "race": "N"}, {"name": "IcebergSlim#145", "teamid": 1, "race": "N"}]','{"#800080": [[-8448, 4224]], "#FFA500": [[7584, 3168]], "#008000": [[3488, 8288], [4256, 7328]], "#FFC0CB": [], "#F5FFFA": [[-6912, -3968], [-6848, -4096], [3648, -7552], [3776, -7552], [3904, -7552], [4032, -7552], [-6784, -4224], [-6720, -4352], [-8000, -3712], [4160, -7552], [-6976, -3840], [-7360, -3584], [-7360, -3456], [4160, -7424], [4032, -7424], [3904, -7424], [3776, -7424], [3648, -7424], [4480, -7552], [4480, -7424], [-6656, -4224], [-6720, -4096], [-6784, -3968], [-8320, -4352], [-5760, -1088], [-5760, -960], [-5632, -1088], [-5632, -960], [-5504, -1088], [-5504, -960], [-5376, -1088], [-5376, -960], [-5312, -384], [-5312, -256], [-5312, -128], [4608, -7552], [4608, -7424], [3648, -7680], [4160, -7680], [-6848, -3840], [-6592, -4352], [-6656, -4480], [-6528, -4480], [-5376, -960], [-5184, -384], [-5568, -512], [-5696, -512], [-5824, -512], [-6272, -1024], [-6528, -768], [-6528, -640], [-7360, -3456], [-7232, -3584], [-7232, -3456], [3264, -7680], [3264, -7552], [3264, -7424], [3136, -7552], [3136, -7424], [3008, -7552], [3008, -7424], [-7872, -3392], [-7872, -3264], [-8000, -3392], [-8000, -3264], [-8128, -3392], [-8128, -3264], [-6656, -4992], [-6656, -4864], [-6784, -4992], [-6784, -4864], [-7296, -4352], [-7296, -4224], [-7296, -4480], [-4864, -832], [-4928, -704], [-4928, -512], [-4800, -960], [-5056, -512], [-5568, 128], [-5696, 128], [704, -5504], [576, -5504], [576, -5632], [704, -5632], [704, -5760], [576, -5760], [5376, -8256], [5376, -8128], [5376, -8000], [5376, -7872], [-3840, -5248], [-3840, -5120], [-3712, -5248], [-3712, -5120], [-3840, -4992], [-3712, -4992], [-3840, -5376], [-3712, -5376], [-3968, -4416], [-4096, -4416], [-4224, -4416], [-4224, -4544], [-4224, -4672], [-4224, -4800], [-3904, -5824], [-3776, -5760], [-3904, -5760], [4992, -7552], [4992, -7424], [5120, -7424], [5120, -7552], [-5248, -1088], [-6144, -1152], [-6144, -1024], [-4416, -5248], [-4544, -5248], [-4672, -5248], [-4416, -5120], [-4544, -5120], [-4672, -5120], [-4800, -5120], [-4800, -5248], [-7296, -4608], [-7488, -4864], [-7616, -4864], [-8320, -4608], [-8320, -4736], [-8448, -4736], [-8448, -4608], [3712, -8192], [3392, -8000], [3264, -8000], [3136, -8000], [-3968, -5376], [-3968, -4992], [-4672, -4544], [-4672, -4672], [-4800, -4672], [-4800, -4800], [-4672, -4800], [-4672, -4416], [-4672, -4544], [-4672, -4672], [-4800, -4672], [2432, -6912], [2560, -6912], [2688, -6912], [2816, -6912], [2560, -6784], [2688, -6784], [2816, -6784], [2944, -6784], [2944, -6912], [3072, -6912], [3072, -6784], [-3392, -5696], [-3264, -5696], [-3136, -5696], [-3008, -5696], [-3072, -5824]], "#0000FF": [[-3456, -8192], [-4224, -8192], [-4224, -8192], [-3456, -7936], [7872, -3520], [7744, -3520], [7872, -3392], [7744, -3392], [-4096, -8192], [-3584, -7872], [-3712, -7872], [-3840, -7872], [-3968, -7872], [8000, -3328], [8128, -3328], [8128, -3200], [8000, -3200], [7680, -3648], [7552, -3648], [7552, -3776], [7680, -3776], [-3968, -7744], [-3776, -7744], [-3584, -7744], [-3456, -7808], [-3328, -7936], [-3200, -7936], [7488, -3392], [7360, -3392], [7360, -3200], [7488, -3200], [7872, -3008], [7744, -3008], [7744, -2816], [7872, -2816], [8192, -2944], [8384, -2880], [8384, -2752], [8192, -2816], [-4352, -8192], [-4352, -8064], [-4480, -8064], [-4480, -8192], [-3200, -7808], [-3328, -7808], [-2944, -7680], [-2816, -7616], [-2880, -7488], [-3008, -7552], [-4608, -8384], [-4480, -8384], [-4352, -8384], [6848, -3328], [6720, -3328], [6720, -3200], [6848, -3200], [6976, -3200], [6976, -3328], [7104, -3328], [7104, -3200], [5120, -4736], [5248, -4736], [5376, -4736], [5504, -4736], [5696, -4736], [5696, -4608], [5504, -4608], [5376, -4608], [5248, -4608], [5120, -4608], [4928, -4736], [4928, -4608], [4800, -4608], [4800, -4800], [4672, -4608], [5632, -4992], [5632, -5120], [5760, -5120], [5760, -4992], [5120, -4928], [4992, -4928], [4992, -5056], [5120, -5056], [-4608, -8192], [-4608, -8064], [-4736, -8064], [-4736, -8192], [-4928, -8192], [-4928, -8064], [-4992, -8064], [-5056, -8064], [-5056, -8192], [-2048, -7296], [-2112, -7232], [-2176, -7360], [-2048, -7424], [-2240, -7296], [-2240, -7232], [-2240, -7104], [-2304, -7040], [-2176, -6976], [-2048, -7168], [-2112, -7232], [-2240, -7168], [-2048, -7040], [-2048, -7168], [-2176, -7296], [-2048, -7424], [-2176, -7232], [-2048, -7168], [-2176, -7104], [-2048, -7040], [-2176, -6912], [5056, -5504], [4928, -5504], [5056, -5376], [4928, -5376], [5568, -4352], [5440, -4352], [5312, -4352], [5184, -4352], [5184, -4224], [5312, -4224], [5440, -4224], [5568, -4224], [4928, -4352], [4928, -4224], [4736, -4224], [4736, -4352], [4608, -4352], [4608, -4224], [5504, -3904], [5312, -3904], [5312, -3712], [5504, -3712], [5120, -3904], [5120, -3712], [4864, -3904], [4864, -3712], [4672, -3712], [4736, -3904], [4608, -3904], [4480, -3904], [640, -6208], [512, -6208], [384, -6208], [384, -6080], [448, -6080], [512, -6080], [640, -6080], [768, -6144], [768, -6016], [896, -5952], [896, -6080], [896, -6208], [7808, -5568], [7680, -5568], [7680, -5696], [7808, -5696], [7808, -5824], [7680, -5824], [7680, -5952], [7808, -5952], [7808, -6080], [7680, -6080], [-3264, -7232], [-3392, -7232], [-3392, -6976], [-3200, -7040], [832, -6464], [960, -6464], [960, -6592], [832, -6592], [832, -6720], [1024, -6720], [576, -6720], [512, -6720], [512, -6912], [640, -6912], [640, -7040], [576, -7040], [512, -5760], [640, -5760], [640, -5632], [512, -5632], [832, -5760], [832, -5632], [960, -5632], [960, -5760], [-2880, -6976], [-2752, -6976], [-2688, -6912], [-2816, -6912], [-2816, -6784], [-2688, -6784], [-2560, -6784], [-2560, -6848], [-2560, -6912], [-2560, -6400], [-2432, -6400], [-2432, -6272], [-2560, -6272], [6016, -3200], [5824, -3200], [5824, -3008], [6016, -3008], [6144, -3200], [6144, -3072], [6272, -3072], [6272, -3200], [-4224, -9088], [-4352, -9088], [-4352, -9216], [-4224, -9216], [-4096, -9216], [-4096, -9088], [-3968, -9088], [-3904, -9280], [-4736, -7424], [-4608, -7360], [-4416, -7360], [-4416, -7488], [-4672, -7488], [-4736, -7616], [-4800, -7616], [-4864, -7488], [-4992, -7360], [-5120, -7488], [-5120, -7552], [-5056, -7680], [1280, -5888], [1408, -5888], [5440, -3264], [5312, -3264], [5312, -3136], [5440, -3136], [5440, -3008], [5312, -3008], [4992, -3264], [4928, -3264], [4864, -3264], [4864, -3136], [4992, -3136], [4992, -3008], [4864, -3008], [4864, -2880], [4992, -2880], [1216, -4992], [1344, -4992], [1344, -5120], [1216, -5120], [1216, -5248], [1344, -5248], [1344, -5376], [1216, -5376], [-128, -6272], [0, -6272], [0, -6400], [-192, -6400], [-128, -6464], [-64, -6528], [0, -6528], [1536, -5888], [1664, -5888], [1408, -6016], [1536, -6016], [1664, -6016], [1792, -6016], [1856, -5888], [1920, -6016], [2048, -6016], [1920, -5440], [1792, -5440], [1792, -5312], [1920, -5312], [-2432, -5824], [-2304, -5824], [-2304, -5760], [-2304, -5696], [-2432, -5696], [-2432, -5632], [-2432, -5568], [-2304, -5568], [64, 6016], [192, 6016], [320, 6016], [448, 6016], [576, 5952], [448, 5888], [320, 5888], [192, 5888], [64, 5888]], "#008080": [], "#FFFF00": []}','where u go|see you|are you from wow|np|why fan of knives|stop|brb pizza|towers will kill your units|stop the game|do not dive|they will die (your hippo riders)|Ok?|Confirm|do not engage the towers! all units will die for no reason|Please acknowledge receipt|be smart|be reasonable|TOWERS Do not move|wow players don''t know where pause button is l m a o|press shift+enter to chat to all|ok now you have to quit|QUIt|quit noob|im sorry hwta|quit the game|lmao yall wack af|tower massin|quit|quit game|bye|green you too|quit|and visit https://highper.ch to learn more|Nah|are you "owning us" by staying lol|never heard that one before actually|you''re making your loss longer|Why do you think I care lol|you''re still here|typing away|I''m watching my phone and see you guys|were you watching your phone the whole game|I''m having fun|only explanation for that apm|Yeah why not','iggythefisk#236','127.0.0.1','dcd18d32b5cddeb2895d428780b6cd594b6aa750063715620f3dfb86636a378b',NULL);
INSERT INTO "Replays" VALUES (2,'41019f84ea3210fc42c425e7832a359777ad17dea9bd1d87355454e574c7e49d','Snappy bits',1574767843,1,0,'4on4','1.32',2850250,'(8)TwilightRuins_LV',373,3144,1,'[{"name": "souleatnyan#266", "teamid": 0, "race": "U"}, {"name": "MuadDib#1641", "teamid": 0, "race": "U"}, {"name": "ExPeRiEnCeS#120", "teamid": 0, "race": "U"}, {"name": "zaboom222#1150", "teamid": 0, "race": "H"}, {"name": "iggythefisk#236", "teamid": 1, "race": "H"}, {"name": "IcebergSlim#145", "teamid": 1, "race": "O"}, {"name": "BEARAND#1604", "teamid": 1, "race": "O"}, {"name": "TIMG4STRok#1212", "teamid": 1, "race": "H"}]','{"#0000FF": [], "#FFA500": [], "#008000": [], "#FFC0CB": [], "#E6E6FA": [[-4160, 6784], [-3840, 7808], [-4032, 6784], [-4288, 6784], [-3904, 6784], [-3904, 6912], [-4032, 6912], [-4160, 6912], [-4416, 3712], [-4288, 3712], [-4416, 3840], [-4288, 3840], [-4160, 3712], [-4160, 3840], [-3328, 7168], [-3456, 7168], [-3456, 7040], [-3328, 7040], [-4672, 3712], [-4672, 3840], [-3968, 4224], [-3968, 4352], [-4672, 3968], [-3712, 3840], [-3840, 3968], [-5056, 3904], [-5056, 4032], [-3840, 3840], [-1920, 4480], [-1792, 4480], [-1664, 4480], [-1664, 4608], [-1536, 4608], [-1536, 4480], [-4736, 6528], [-4736, 6656], [-4736, 6784], [-5184, 4032], [-4608, 4288], [-4608, 4416], [-4288, 6912], [-4288, 6208], [-4288, 6336], [-1792, 4608], [-4160, 6208], [-4160, 6336], [-3840, 4224], [-3840, 4352], [-5312, 4352], [-5312, 4480], [-3904, 6656], [-3328, 7808], [-3328, 7936], [-3328, 7360], [-3328, 7232], [-3456, 7232], [-3456, 7360], [-3328, 7104], [-3456, 7104], [-3456, 6976], [-3328, 6976], [-3840, 7360], [-3968, 7360], [-4224, 4736], [-4352, 4736], [-4096, 4736], [-3840, 7936], [-3840, 8064], [-3328, 6848], [-3456, 6848]], "#008080": [[-8576, 3712], [-8064, 4544], [-8576, 3840], [-7936, 4608], [-4480, -1536], [-4608, -1600], [-4736, -1664], [-8576, 3584], [-7808, 4608], [-8704, 4544], [-4736, -1536], [-5312, -1728], [-5952, -704], [-7936, 3840], [-5184, -704], [-5248, -256], [-9152, 3648], [-5184, -1728], [-8512, 3456], [-5184, -1600], [-9152, 3520], [-8640, 3456], [-5312, -1600], [-8448, 3136], [-7808, 3840], [-8064, 3200], [-8192, 3200], [-5184, -1472], [-7808, 3968], [-7936, 3136], [-8064, 3072], [-6208, -640], [-4608, -1472], [-7936, 3008], [-8192, 3072], [-7936, 3968], [-4736, -1408], [-6144, 0], [-8064, 2880], [-8768, 2688], [-7296, 3968], [-5312, -1472], [-5568, 0], [-8640, 2688], [-8896, 2688], [-7296, 4096], [-5632, -768], [-8512, 2688], [-8640, 3328], [-7232, 4224], [-5440, -832], [-9536, 3008], [-9408, 3008], [-7232, 3328], [-3968, -1280], [-9408, 3136], [-9536, 3136], [-7104, 3328], [-3840, -1024], [-7872, 2432], [-7744, 2432], [-7104, 3200], [-3648, -1280], [-3584, -768], [-4864, -1216], [-3968, -1280], [-3840, -1152], [-5120, -2176], [-3712, -1024], [-3648, -1152], [-5440, -2624], [-7104, 2880], [-3776, -1664], [-2624, -256], [0, -256], [-2048, -3840], [3776, -8512], [4224, -7872], [3520, -8384], [256, 0], [5376, -8064], [2240, -8256], [4928, -7744], [5120, -8384]], "#800080": [[-8000, -4352], [-8128, -4352], [-7872, -4352], [-7808, -4224], [-7808, -4224], [-7808, -4096], [-7744, -4352], [-7808, -3968], [-7680, -4224], [-7680, -4096], [-7680, -3968], [-7808, -3840], [-7808, -3712], [-7296, -3840], [-7296, -3712], [-7808, -3712], [-7296, -3776], [-7296, -3584], [-7680, -4608], [-7680, -4736], [-7552, -4736], [-7552, -4608], [-7168, -3776], [-7168, -3584], [-7040, -3776], [-7040, -3584], [-7296, -4096], [-7168, -4096], [-7168, -4224], [-7296, -4224], [576, 5824], [704, 5824], [704, 5952], [576, 5952], [640, 5696], [640, 5568], [0, 5632], [0, 5760], [704, 6080], [576, 6080], [576, 6208], [704, 6208], [-8448, 7680], [-8640, -8192], [-7040, -4224], [-7040, -4096], [-6912, -4224], [-6912, -4096], [-7232, -4480], [-7104, -4480], [-7104, -4608], [-7232, -4608], [-8384, -4544], [-8512, -4544], [-8512, -4672], [-8384, -4672], [-8384, -4800], [-8512, -4800], [-8512, -4928], [-8384, -4928], [-8384, -5056], [-8512, -5120]], "#FFFF00": [[3776, 7232], [3904, 7232], [4032, 7232], [4160, 7232], [3136, 8000], [4864, 4608], [4992, 4608], [5120, 4608], [5248, 4608], [3264, 8000], [3328, 7872], [4736, 4608], [4864, 4480], [2432, 4736], [2560, 4608], [2688, 4608], [2816, 4608], [3456, 3840], [3584, 3840], [3712, 4160], [3712, 4288], [4288, 8576], [4416, 8512], [2560, 4736], [2688, 4736], [2816, 4736], [2816, 4480], [2944, 4480], [2944, 4608], [3264, 8704], [3392, 8704], [3328, 8832], [3392, 8704], [2624, 5248], [2752, 5248], [2880, 5248], [3008, 5248], [3136, 5248], [3136, 5376], [3008, 5376], [2880, 5376], [2752, 5376], [2624, 5376], [4672, 7168], [4800, 7168], [4672, 7040], [4800, 7040], [4800, 6912], [4672, 6912], [3712, 4032], [3712, 3904], [3712, 3776], [3584, 3712], [3456, 3712], [3456, 4864], [3584, 4608], [3712, 4608], [4928, 6336], [4800, 6336], [4928, 6464], [4800, 6464], [4928, 6592], [4800, 6592], [4416, 6272], [4416, 6400], [4416, 6528], [4416, 6656], [4288, 6656], [4288, 6528], [4288, 6400], [4288, 6272], [5120, 5696], [4992, 5696], [4864, 5696], [4736, 5632], [2944, 8384], [3008, 8512], [3072, 8640], [3008, 8256], [3136, 8512], [3136, 8256], [3648, 8512], [3648, 8640], [3648, 8768], [-704, 5248], [-576, 5248], [-384, 5248], [-512, 5184], [-384, 5184], [-384, 5056], [-512, 5056], [-576, 5056], [-640, 5184], [2560, 7232], [2560, 7360], [2560, 7488], [2560, 7616], [2688, 7232], [2688, 7360], [2688, 7488], [2688, 7616], [2240, 5632], [2368, 5632], [2368, 5760], [-640, 5056], [-256, 5056], [-256, 5184], [-640, 5184], [-1536, 4864], [-1408, 4864], [-1408, 4992], [-1536, 4992], [-1664, 4992], [-1664, 4864], [4416, 5120], [4544, 5120], [4416, 4992], [4544, 4992], [5760, 5248], [5632, 5248], [5504, 5376], [5504, 5248], [5376, 5376], [5376, 5248], [5248, 5248], [6016, 4992], [6016, 4864], [5248, 4288], [5376, 4288], [5376, 4160], [5248, 4160], [5248, 3968], [5376, 3968], [8576, 8256], [4224, 3712], [4352, 3712], [4352, 3840], [4224, 3840], [4224, 3968], [4416, 3968], [4224, 4096], [4224, 4224], [4864, 3584], [4992, 3584], [4992, 3712], [4864, 3712], [4736, 3712], [4736, 3840], [4864, 3840], [5376, 3968], [5376, 4096], [5248, 4096], [5248, 4224], [5376, 4224], [5248, 4096], [5248, 4352], [5376, 4352]]}','gl and HF|~*~ Fight With Honor And Have Excellent Manner ~*~|LLL!|LOL!|can I fight with tacos|gl and HF|lol|quit|lol|nice move green|?|what was that attempt|some extreme noob shit let me tell you|next time try sleeping my paladin in the middle of my staff sequence|not before|what ever you say dude|huh?|what happened buddy|oops|big oops|congrats on your first hero kill ;)|guys|this isn''t working out|take it slow|use strategy|TOWERS DONT MOVE|lol|tp on lich|lol orange|lol green|how hard are you clicking|gg|bye|gg noobs|seeya|gg noobs|https://highper.ch|clan towa #1|you too green|quit the game|seeya bad boys|nah you gotta kill me|ok|please don''t stay|your pathetic strat works on mouth breathing idiots|you|?|?|?|yes they d|?|?|look in mirror|?|like you|?|you cuties only have your words|you wasted your 40 euro|do you post on reddit|you are getting sweared on|we also have this game|that we won|and our W/L ratio lmao|against a mouthbreathing idiot|lol what ratio|this is beta|we have won every game|have you?? nope|i''m feeling pretty "alpha" this game|you are owned in beta then|tav res :)|come on man|you know i can attack to wake up right|uhh yeah|then why are you fucking this up|nuke my am before you sleep|dont open with it|sorry bout your life|LOL|bye|too bad|lost to towers|go ahead and kill everything|how embarrasing|np|no...|It''s very easy to kill bases|let me show you how to kill a building that can''t move|stick around & observe|buildings are stationary so it''s impossible to lose in a fight|keep talking|oh man no way|big eye opener|yes that''s why we share this info|lol 3 bone yards|you clearly need it|somehow you didn''t master it throughout this game :/|my feelings|so hurt|Please stop|you''re staying in a loss lol|agree|with your harsh words|just staying in the game and soaking in it|you''re spending more time losing|voluntarily|i don''t really mind|but you do mind|just watching tv on the other monitor|very much|uh huh|what noob shit are you pretending to watch|dancing with the stars???|rickj and morty|i''m watching americas next top model alright|get your shit straight|thanks for another easy win|what''s your apm green|i don''t get many of them....each one is special|your pathetic strat works on mouth breathing idiots|words I will cherish|you forgot the team part of this game|do you think you were doing something productive your allies weren''t?|hey you killed uhhhhh 8 towers and a main|one undead massing wyrms and clicking heroes different from the other?|and 2 of my heores : - ))\|go ahead keep going|all you guys have is your words|ok|and a win|and a win, and a mad mouthbreathing idiot|so|what does that even mean lmao|what does that prove?|so many years of undeads massing wyrms and clicking heroes and being unable to figure out why it''s not working anymore...|grats on your internet points boys|we played the same game|you''re bad|thanks|learn to adapt|alas this charade must come to an end|it''s a useful skill in life|"grats on your internet points" says the guy who is sitting in a game he lost, too angry to move on|bye|sign of a healthy mind|get GUD|youtube.com/highperch|whatever you say|gg gl next','iggythefisk#236','127.0.0.1','1d697fb25df415c6d50db4479b40e1e5de1023f8a031996aa8b784ec5a383b4d',NULL);
INSERT INTO "Replays" VALUES (3,'05bca6ee9b9af87d863a1bd0d9802c3dff6a89febabeda3cb6d70a898cd1852b','Darlings of Nazareth',1574767857,0,0,'3on3','1.32',2669650,'(6)Monsoon_LV',184,2147,2,'[{"name": "BEARAND#1604", "teamid": 0, "race": "H"}, {"name": "IcebergSlim#145", "teamid": 0, "race": "O"}, {"name": "iggythefisk#236", "teamid": 0, "race": "H"}, {"name": "KbKillshot#1612", "teamid": 1, "race": "O"}, {"name": "Torkoth#1523", "teamid": 1, "race": "H"}, {"name": "Menjux66#2289", "teamid": 1, "race": "H"}]','{"#000080": [[3584, -5248], [3584, -5120], [3456, -5120], [3712, -5120], [3712, -5248], [3456, -5248], [3328, -5248], [3328, -5120], [3072, -5312], [2944, -5312], [2944, -5184], [3072, -5184], [3072, -5056], [2944, -5056], [3968, -5184], [3968, -5056], [3968, -4928], [2944, -5440], [3072, -5440], [3328, -5376], [3712, -5376], [6592, -4736], [6592, -4864], [6912, -4928], [6784, -4928], [5184, -6848], [5440, -6848], [5632, -7104], [5184, -7488], [2752, -5888], [2816, -5760], [2880, -5888], [2944, -5760], [2944, -4864], [3072, -4864], [3328, -4928], [3456, -4928], [3584, -4928], [3712, -4928], [3968, -5312], [4096, -5184], [4224, -5184]], "#0000FF": [[1728, 3328], [1792, 3200], [1792, 3072], [2368, 3968], [2368, 4096], [1664, 3072], [2432, 4224], [1664, 3200], [2816, 5184], [1664, 5120], [1856, 3328], [2112, 2880], [4992, 6080], [1984, 6016], [2048, 2752], [2176, 3008], [1472, 5376], [1600, 3328], [2304, 3008], [1280, 5632], [1536, 3200], [2432, 3456], [1728, 6208], [1536, 3072], [2560, 3456], [2240, 5760], [1920, 6272], [1856, 3776], [2560, 3584], [2432, 5568], [3456, 2944], [2432, 3584], [2432, 5312], [3648, 3264], [3520, 3840], [3456, 3712], [4480, 5504], [4800, 5440], [5056, 5376], [1472, 3200], [1856, 2688], [1664, 3072], [1216, 3072], [1536, 2752], [1088, 2816], [1536, 2560], [1088, 2688], [-1024, 6784], [-384, 5760], [-512, 6144], [-768, 6336], [-384, 5440], [-1536, 5376], [-1472, 5696], [-1600, 6080], [-1152, 4992], [-6912, 1856], [-7232, 2880], [-7552, 2176], [-7232, 1536], [-7168, 2560], [-7104, 1728], [-5184, 4800], [-5184, 4544], [-6784, 4608], [-5120, 5120], [-7744, 2048], [-4800, 4672]], "#FFA500": [[4160, 64], [4160, -64], [4160, 192], [4288, 192], [4288, 64], [4288, -64], [4288, -384], [4416, -384], [4416, 576], [4544, 576], [4672, 576], [4416, 192], [4416, -64], [4480, -512], [4544, -640], [4608, -768], [4800, 576], [4672, 704], [4800, 704], [4864, -64], [4864, 0], [4864, 64], [4864, 128], [4864, 192], [4736, -1216], [4800, -1344], [4672, -1088], [5248, -320], [5248, -192], [5248, -64], [5120, -960], [5120, -1088], [5120, -1216], [6336, 2304], [5440, -704], [5440, -576], [2688, 3456], [2688, 3584], [2560, 4224], [2432, 4352], [2560, 4352]], "#008080": [[-2368, -6528], [-3008, -6464], [-2304, -6272]], "#800080": [[-6016, -832], [-5888, -768], [-5760, -640], [-5696, -512], [-5568, -448], [-5504, -320], [-5440, -2112], [-5568, -2048], [-5696, -1984], [-5824, -1920], [-5952, -1856], [-6080, -1792], [384, -6528], [512, -6464], [640, -6400], [768, -6336], [960, -6272], [1088, -6208], [1152, -6336], [384, -6528], [512, -6464], [640, -6400], [768, -6336], [896, -6272], [1024, -6208], [1152, -6144]], "#FFFF00": [[-1408, 5824], [-1280, 5376], [-768, 5184], [-512, 5696]]}','hi|from?|~*~ Fight With Honor And Have Excellent Manner ~*~|go|Thx |where is your god now|dont|dont go in there|| i said dont go in there|towers fall easy...|cancel x3|hehe|CAREFUL|dont lose wyv|guys|from?|bue|byby|can u win|KB|watch the towers|quit|now|you too kb|?|quit|why?|noob|:( you hurt me so badly.|quit please big noob you cannot possibly hope to overcome|bet  you love having all this power on this game. lol|yes, just like power over ur 2 dads|what are you 12?|level 12|between my three heroes|oops 13 now|stop dying|youre making my apm go down don''t need to click to own a noob|so you get your 2 butt buddies, build a bunch of towers and go tri hero and now you''re cool. |150....145...no|which ones are the butt buddies|~*~ Fight With Honor And Have Excellent Manner ~*~|answer|aura first lol|wasnt me that made that decision, lol|RT?|just living with what i got|GG WP|or dieing, i suppose|clan towa #1|https://highper.ch|funny that blue has to be a dick about it though.|youtube.com/highperch|shows his character :)|only character you are is from a tragedy|yorick|good one|that was dumb af dude, lol|your tragic flaw is no sense of humor lmao|go back and work on the trash talk|or let bear do it|you suck at it.|i learn from the best|obviously not :)|go pheasants lol|theyre called peasants you are so bad|it''s call they''re :)|called*|lmao|wow we both suck|get gud|good :)|twitch.tv/bearand|get money, which is what i do, which is probably why you''re better at this game :D|lmao|lmao|tell us about it|enthrall me|i''m good.|sounds good|at bein a noob|buy a tutor|lmao|buy a life :)|done|you spent this hour losing|we spent it winning....hmm|i''m a better person for having owned you on this day|tell me more about your life accomplishments :)|please mark it on your calendar, the day You Got Owned Again|kbkillshot got bodied in 3v3 twice today|(from my journal)|lol you guys obviously play together, when i''m playing with randoms|another character flaw|alas this cannot go on much longer, hope you enjoy your awful life|one who thought it would be great to start building towers AFTER he realized your strat|lmao that is actually funny','iggythefisk#236','127.0.0.1','105caef12b20e085ce81e1f99b7b874a5a1f7eb8a62298872100415c8c234185',NULL);
INSERT INTO "Replays" VALUES (4,'00817d5d6dc85e119e8956d2d833b2fe573c69372fd02bbaf49bafcf9b6de7ed','Trollvaganza',1574767870,0,0,'3on3','1.32',1382600,'(8)Mur''gulOasis_LV',125,147,1,'[{"name": "BEARAND#1604", "teamid": 0, "race": "H"}, {"name": "IcebergSlim#145", "teamid": 0, "race": "O"}, {"name": "iggythefisk#236", "teamid": 0, "race": "H"}, {"name": "KbKillshot#1612", "teamid": 1, "race": "O"}, {"name": "LetsGetHyped#15", "teamid": 1, "race": "O"}, {"name": "Gathonaketon#11", "teamid": 1, "race": "H"}]','{"#000080": [[-6656, 2816], [-7296, 2752], [-7424, 2752], [-7296, 2752], [-6592, 2560], [-6720, 2496], [-6848, 2496], [-6976, 2496], [-7104, 2496], [-6592, 2432], [-6720, 2368], [-6848, 2368], [-6912, 2368], [-6976, 2368], [-7104, 2368], [-6016, 2752], [-5888, 2752], [-5888, 2624], [-6016, 2624], [-6016, 2496], [-5888, 2496], [-6464, 2560], [-6336, 2560], [-6336, 2432], [-6464, 2432], [-5760, 3264], [-5888, 3200], [-5888, 3328], [-5760, 3392], [-5888, 3456], [-5952, 3584], [-6016, 3712]], "#0000FF": [[-3072, 6336], [-3072, 6208], [-3200, 7232], [-3200, 6208], [-3200, 6336], [-3456, 7360], [-3072, 5888], [-3584, 7360], [-2944, 5888], [-3200, 5952], [-2496, 6976], [-2496, 6848], [-2368, 6976], [-2368, 6848], [-2496, 6528], [-2368, 6528], [-2368, 6400], [-2496, 6400], [-2624, 5888], [-2496, 5888], [-2496, 6400], [-2240, 6528], [-2240, 6400], [-1920, 6656], [-1792, 6592], [-1792, 6464], [-2368, -1920], [-1920, 6528], [-1792, 6528], [-1792, 6400], [-1600, -2240], [-2368, -2048], [-1600, -2368], [-2368, -2176], [-1600, -2496], [-2368, -2304], [-1600, -2112], [-2368, -2432]], "#FFFF00": [[-5824, -2688], [-5888, -2560], [-5952, -2432], [-5760, -2816], [-5888, -2816], [-5952, -2688], [-6016, -2560], [-6080, -2432], [-6016, -2304], [-7232, -3456], [-7232, -3392], [-6144, -2304], [-6208, -1792], [-6336, -1792], [-6336, -1920], [-6208, -1920], [-3328, -7168], [-3264, -7104], [-3264, -6976], [-3264, -6848], [-3136, -7104], [-3136, -6976], [-3136, -6848], [-3264, -6720], [-3136, -6720], [-2944, -7552], [-2816, -7552], [-3072, -7552], [-3200, -7552], [-5952, -3392], [-6080, -3392], [-6720, -2496], [-6848, -2496], [-3136, -7232], [-3456, -7680], [-3456, -7616], [-3584, -7680], [-3008, -7232], [-3008, -6720], [-3584, -7808], [-6592, -2496], [-7040, -2880], [-7040, -2752], [-7040, -2624], [-3904, -7168], [-3904, -7040], [-3904, -6912], [-5952, -2432], [-6016, -2304], [-5696, -3200], [-5760, -1856], [-5888, -1856]], "#008080": [], "#800080": [[7360, -2496], [5952, -3520], [6144, -3520]], "#FFA500": []}','GL! and HF|jo|hi|~*~ Fight With Honor And Have Excellent Manner ~*~|oirange???|get gorked|b|i said b|ty|orange stuck lmao|Bad stomp :/|gorkonaketon','iggythefisk#236','127.0.0.1','8184d00a22d3cd9e58108d0ba591f6537294c0a9a21e603b69311e878d559a0e',NULL);
INSERT INTO "Players" VALUES ('Dallas#1153',0,0,1,0);
INSERT INTO "Players" VALUES ('Psych1996#1469',0,0,1,0);
INSERT INTO "Players" VALUES ('Magitek#11842',0,0,1,0);
INSERT INTO "Players" VALUES ('Lostjoao#1820',1,0,0,0);
INSERT INTO "Players" VALUES ('iggythefisk#236',4,0,0,0);
INSERT INTO "Players" VALUES ('BEARAND#1604',3,1,0,0);
INSERT INTO "Players" VALUES ('TIMG4STRok#1212',1,0,1,0);
INSERT INTO "Players" VALUES ('IcebergSlim#145',0,3,1,0);
INSERT INTO "Players" VALUES ('souleatnyan#266',0,0,0,1);
INSERT INTO "Players" VALUES ('MuadDib#1641',0,0,0,1);
INSERT INTO "Players" VALUES ('ExPeRiEnCeS#120',0,0,0,1);
INSERT INTO "Players" VALUES ('zaboom222#1150',1,0,0,0);
INSERT INTO "Players" VALUES ('KbKillshot#1612',0,2,0,0);
INSERT INTO "Players" VALUES ('Torkoth#1523',1,0,0,0);
INSERT INTO "Players" VALUES ('Menjux66#2289',1,0,0,0);
INSERT INTO "Players" VALUES ('LetsGetHyped#15',0,1,0,0);
INSERT INTO "Players" VALUES ('Gathonaketon#11',1,0,0,0);
INSERT INTO "GamesPlayed" VALUES ('Dallas#1153',1,'N',89,0,1,0);
INSERT INTO "GamesPlayed" VALUES ('Psych1996#1469',1,'N',54,0,1,4);
INSERT INTO "GamesPlayed" VALUES ('Magitek#11842',1,'N',36,0,2,5);
INSERT INTO "GamesPlayed" VALUES ('Lostjoao#1820',1,'H',1,0,0,0);
INSERT INTO "GamesPlayed" VALUES ('iggythefisk#236',1,'H',92,1,161,7);
INSERT INTO "GamesPlayed" VALUES ('BEARAND#1604',1,'H',126,1,292,23);
INSERT INTO "GamesPlayed" VALUES ('TIMG4STRok#1212',1,'N',131,1,0,4);
INSERT INTO "GamesPlayed" VALUES ('IcebergSlim#145',1,'N',109,1,0,2);
INSERT INTO "GamesPlayed" VALUES ('souleatnyan#266',2,'U',70,0,0,0);
INSERT INTO "GamesPlayed" VALUES ('MuadDib#1641',2,'U',57,0,0,1);
INSERT INTO "GamesPlayed" VALUES ('ExPeRiEnCeS#120',2,'U',69,0,0,31);
INSERT INTO "GamesPlayed" VALUES ('zaboom222#1150',2,'H',28,0,0,0);
INSERT INTO "GamesPlayed" VALUES ('iggythefisk#236',2,'H',112,1,70,26);
INSERT INTO "GamesPlayed" VALUES ('IcebergSlim#145',2,'O',114,1,84,10);
INSERT INTO "GamesPlayed" VALUES ('BEARAND#1604',2,'O',127,1,62,38);
INSERT INTO "GamesPlayed" VALUES ('TIMG4STRok#1212',2,'H',124,1,157,43);
INSERT INTO "GamesPlayed" VALUES ('BEARAND#1604',3,'H',132,1,42,47);
INSERT INTO "GamesPlayed" VALUES ('IcebergSlim#145',3,'O',130,1,68,19);
INSERT INTO "GamesPlayed" VALUES ('iggythefisk#236',3,'H',130,1,41,2);
INSERT INTO "GamesPlayed" VALUES ('KbKillshot#1612',3,'O',35,0,3,29);
INSERT INTO "GamesPlayed" VALUES ('Torkoth#1523',3,'H',34,0,26,0);
INSERT INTO "GamesPlayed" VALUES ('Menjux66#2289',3,'H',37,0,4,0);
INSERT INTO "GamesPlayed" VALUES ('BEARAND#1604',4,'H',135,1,32,9);
INSERT INTO "GamesPlayed" VALUES ('IcebergSlim#145',4,'O',122,1,38,1);
INSERT INTO "GamesPlayed" VALUES ('iggythefisk#236',4,'H',134,1,52,2);
INSERT INTO "GamesPlayed" VALUES ('KbKillshot#1612',4,'O',36,0,0,0);
INSERT INTO "GamesPlayed" VALUES ('LetsGetHyped#15',4,'O',51,0,3,0);
INSERT INTO "GamesPlayed" VALUES ('Gathonaketon#11',4,'H',54,0,0,0);
INSERT INTO "Chatlogs" VALUES (1,2,'(10:00 / All) Fakeplayer: This log comes from a contemporary replay in the database
(10:10 / All) Fakeplayer: It''s not a real log but imagine it was
(10:20 / All) Fakeplayer: Someone needs to add a link to the replay next to the log text, using the replay_id, if it exists
(10:30 / All) SplitSkull: shut up trash');
INSERT INTO "Chatlogs" VALUES (2,NULL,'(15:00 / All) Lopez: This log is old and not connected to a current replay
(17:10 / All) Lopez: Don''t try to show a link to anything');
INSERT INTO "Pics" VALUES (1,NULL,'1.jpg');
INSERT INTO "Pics" VALUES (2,NULL,'2.jpg');
INSERT INTO "Pics" VALUES (3,NULL,'3.jpg');
INSERT INTO "Pics" VALUES (4,NULL,'4.jpg');
INSERT INTO "Pics" VALUES (5,NULL,'5.jpg');
INSERT INTO "Pics" VALUES (6,NULL,'6.jpg');
INSERT INTO "Pics" VALUES (7,NULL,'7.jpg');
INSERT INTO "Pics" VALUES (8,NULL,'8.jpg');
INSERT INTO "Pics" VALUES (9,NULL,'9.jpg');
INSERT INTO "Pics" VALUES (10,NULL,'10.jpg');
INSERT INTO "Pics" VALUES (11,NULL,'11.jpg');
INSERT INTO "Pics" VALUES (12,NULL,'12.jpg');
INSERT INTO "Pics" VALUES (13,NULL,'13.jpg');
INSERT INTO "Pics" VALUES (14,NULL,'14.jpg');
INSERT INTO "Pics" VALUES (15,NULL,'15.jpg');
INSERT INTO "Pics" VALUES (16,NULL,'16.jpg');
INSERT INTO "Pics" VALUES (17,NULL,'17.jpg');
INSERT INTO "Pics" VALUES (18,NULL,'18.jpg');
INSERT INTO "Pics" VALUES (19,NULL,'19.jpg');
INSERT INTO "Pics" VALUES (20,NULL,'20.jpg');
INSERT INTO "Pics" VALUES (21,NULL,'21.jpg');
INSERT INTO "Pics" VALUES (22,NULL,'22.jpg');
INSERT INTO "Pics" VALUES (23,NULL,'23.jpg');
INSERT INTO "Pics" VALUES (24,NULL,'24.jpg');
INSERT INTO "Pics" VALUES (25,NULL,'25.jpg');
INSERT INTO "Pics" VALUES (26,NULL,'26.jpg');
INSERT INTO "Pics" VALUES (27,NULL,'27.jpg');
INSERT INTO "Pics" VALUES (28,NULL,'28.jpg');
INSERT INTO "Pics" VALUES (29,NULL,'29.jpg');
INSERT INTO "Pics" VALUES (30,NULL,'30.jpg');
INSERT INTO "Pics" VALUES (31,NULL,'31.jpg');
INSERT INTO "Pics" VALUES (32,NULL,'32.jpg');
INSERT INTO "Pics" VALUES (33,NULL,'33.jpg');
INSERT INTO "Pics" VALUES (34,NULL,'34.jpg');
INSERT INTO "Pics" VALUES (35,NULL,'35.jpg');
INSERT INTO "Pics" VALUES (36,NULL,'36.jpg');
INSERT INTO "Pics" VALUES (37,NULL,'37.jpg');
INSERT INTO "Pics" VALUES (38,NULL,'38.jpg');
INSERT INTO "Pics" VALUES (39,NULL,'39.jpg');
INSERT INTO "Pics" VALUES (40,NULL,'40.jpg');
INSERT INTO "Pics" VALUES (41,NULL,'41.jpg');
INSERT INTO "Pics" VALUES (42,NULL,'42.jpg');
INSERT INTO "Pics" VALUES (43,NULL,'43.jpg');
INSERT INTO "Pics" VALUES (44,NULL,'44.jpg');
INSERT INTO "Pics" VALUES (45,NULL,'45.jpg');
INSERT INTO "Pics" VALUES (46,NULL,'46.jpg');
INSERT INTO "Pics" VALUES (47,NULL,'47.jpg');
INSERT INTO "Pics" VALUES (48,NULL,'48.jpg');
INSERT INTO "Pics" VALUES (49,NULL,'49.jpg');
INSERT INTO "Pics" VALUES (50,NULL,'50.jpg');
INSERT INTO "Pics" VALUES (51,NULL,'51.jpg');
INSERT INTO "Pics" VALUES (52,NULL,'52.jpg');
INSERT INTO "Pics" VALUES (53,NULL,'53.jpg');
INSERT INTO "Pics" VALUES (54,NULL,'54.jpg');
INSERT INTO "Pics" VALUES (55,NULL,'55.jpg');
INSERT INTO "Pics" VALUES (56,NULL,'56.jpg');
INSERT INTO "Pics" VALUES (57,NULL,'57.jpg');
INSERT INTO "Pics" VALUES (58,NULL,'58.jpg');
INSERT INTO "Pics" VALUES (59,NULL,'59.jpg');
INSERT INTO "Pics" VALUES (60,NULL,'60.jpg');
INSERT INTO "Pics" VALUES (61,NULL,'61.jpg');
INSERT INTO "Pics" VALUES (62,NULL,'62.jpg');
INSERT INTO "Pics" VALUES (63,NULL,'63.jpg');
INSERT INTO "Pics" VALUES (64,NULL,'64.jpg');
INSERT INTO "Pics" VALUES (65,NULL,'65.jpg');
INSERT INTO "Pics" VALUES (66,NULL,'66.jpg');
INSERT INTO "Pics" VALUES (67,NULL,'67.jpg');
INSERT INTO "Pics" VALUES (68,NULL,'68.jpg');
INSERT INTO "Pics" VALUES (69,NULL,'69.jpg');
INSERT INTO "Pics" VALUES (70,NULL,'70.jpg');
INSERT INTO "Pics" VALUES (71,NULL,'71.jpg');
INSERT INTO "Pics" VALUES (72,NULL,'72.jpg');
INSERT INTO "Pics" VALUES (73,NULL,'73.jpg');
INSERT INTO "Pics" VALUES (74,NULL,'74.jpg');
INSERT INTO "Pics" VALUES (75,NULL,'75.jpg');
INSERT INTO "Pics" VALUES (76,NULL,'76.jpg');
INSERT INTO "Pics" VALUES (77,NULL,'77.jpg');
INSERT INTO "Pics" VALUES (78,NULL,'78.jpg');
INSERT INTO "Pics" VALUES (79,NULL,'79.jpg');
INSERT INTO "Pics" VALUES (80,NULL,'80.jpg');
INSERT INTO "Pics" VALUES (81,NULL,'81.jpg');
INSERT INTO "Pics" VALUES (82,NULL,'82.jpg');
INSERT INTO "Pics" VALUES (83,NULL,'83.jpg');
INSERT INTO "Pics" VALUES (84,NULL,'84.jpg');
INSERT INTO "Pics" VALUES (85,NULL,'85.jpg');
INSERT INTO "Pics" VALUES (86,NULL,'86.jpg');
INSERT INTO "Pics" VALUES (87,NULL,'87.jpg');
INSERT INTO "Pics" VALUES (88,NULL,'88.jpg');
INSERT INTO "Pics" VALUES (89,NULL,'89.jpg');
COMMIT;
